match_id,map,player_elo,player_kd,player_hs_pct,player_wr,player_matches,player_level,team_avg_elo,team_avg_kd,opp_avg_elo,opp_avg_kd,opp_avg_wr,elo_gap,kills,deaths,assists
1-169c7c63-7622-4c71-91b3-a7f7f4979d9e,de_nuke,3222.0,1.04,42.0,52.0,6488.0,10.0,2852.8,1.086,2859.8,1.198,56.2,362.2,29.0,18.0,3.0
1-169c7c63-7622-4c71-91b3-a7f7f4979d9e,de_nuke,2775.0,1.05,51.0,52.0,6006.0,10.0,2852.8,1.086,2859.8,1.198,56.2,-84.8,19.0,20.0,6.0
1-169c7c63-7622-4c71-91b3-a7f7f4979d9e,de_nuke,2869.0,1.1,49.0,53.0,2057.0,10.0,2852.8,1.086,2859.8,1.198,56.2,9.2,22.0,24.0,3.0
1-169c7c63-7622-4c71-91b3-a7f7f4979d9e,de_nuke,2689.0,1.14,40.0,52.0,2389.0,10.0,2852.8,1.086,2859.8,1.198,56.2,-170.8,21.0,24.0,5.0
1-169c7c63-7622-4c71-91b3-a7f7f4979d9e,de_nuke,2709.0,1.1,50.0,51.0,3275.0,10.0,2852.8,1.086,2859.8,1.198,56.2,-150.8,19.0,24.0,6.0
1-169c7c63-7622-4c71-91b3-a7f7f4979d9e,de_nuke,2169.0,1.09,46.0,54.0,5689.0,10.0,2859.8,1.198,2852.8,1.086,52.0,-683.8,17.0,24.0,7.0
1-169c7c63-7622-4c71-91b3-a7f7f4979d9e,de_nuke,3968.0,1.7,52.0,70.0,4709.0,10.0,2859.8,1.198,2852.8,1.086,52.0,1115.2,31.0,21.0,10.0
1-169c7c63-7622-4c71-91b3-a7f7f4979d9e,de_nuke,2630.0,1.08,48.0,53.0,969.0,10.0,2859.8,1.198,2852.8,1.086,52.0,-222.8,18.0,23.0,6.0
1-169c7c63-7622-4c71-91b3-a7f7f4979d9e,de_nuke,3019.0,1.05,50.0,51.0,3015.0,10.0,2859.8,1.198,2852.8,1.086,52.0,166.2,17.0,22.0,8.0
1-169c7c63-7622-4c71-91b3-a7f7f4979d9e,de_nuke,2513.0,1.07,54.0,53.0,1120.0,10.0,2859.8,1.198,2852.8,1.086,52.0,-339.8,25.0,20.0,6.0
1-e0880183-2880-4285-aa8d-f41b4af817c3,de_dust2,3059.0,1.2,51.0,53.0,2693.0,10.0,2678.6,1.204,3022.8,1.214,55.8,36.2,15.0,17.0,5.0
1-e0880183-2880-4285-aa8d-f41b4af817c3,de_dust2,2031.0,1.1,41.0,53.0,607.0,10.0,2678.6,1.204,3022.8,1.214,55.8,-991.8,10.0,18.0,5.0
1-e0880183-2880-4285-aa8d-f41b4af817c3,de_dust2,3067.0,1.4,50.0,57.0,763.0,10.0,2678.6,1.204,3022.8,1.214,55.8,44.2,18.0,15.0,1.0
1-e0880183-2880-4285-aa8d-f41b4af817c3,de_dust2,2546.0,1.11,54.0,51.0,1167.0,10.0,2678.6,1.204,3022.8,1.214,55.8,-476.8,12.0,18.0,2.0
1-e0880183-2880-4285-aa8d-f41b4af817c3,de_dust2,2690.0,1.21,48.0,53.0,1770.0,10.0,2678.6,1.204,3022.8,1.214,55.8,-332.8,19.0,22.0,4.0
1-e0880183-2880-4285-aa8d-f41b4af817c3,de_dust2,2169.0,1.09,46.0,54.0,5689.0,10.0,3022.8,1.214,2678.6,1.204,53.4,-509.6,8.0,16.0,11.0
1-e0880183-2880-4285-aa8d-f41b4af817c3,de_dust2,3968.0,1.7,52.0,70.0,4709.0,10.0,3022.8,1.214,2678.6,1.204,53.4,1289.4,29.0,12.0,3.0
1-e0880183-2880-4285-aa8d-f41b4af817c3,de_dust2,2728.0,1.07,46.0,51.0,2632.0,10.0,3022.8,1.214,2678.6,1.204,53.4,49.4,19.0,14.0,4.0
1-e0880183-2880-4285-aa8d-f41b4af817c3,de_dust2,2995.0,1.13,60.0,51.0,3299.0,10.0,3022.8,1.214,2678.6,1.204,53.4,316.4,21.0,17.0,1.0
1-e0880183-2880-4285-aa8d-f41b4af817c3,de_dust2,3254.0,1.08,47.0,53.0,3123.0,10.0,3022.8,1.214,2678.6,1.204,53.4,575.4,13.0,17.0,8.0
1-85267fa4-9dcd-4598-9a7e-6569b70c87d2,de_nuke,2984.0,1.09,43.0,52.0,10547.0,10.0,2676.4,1.086,2852.8,1.086,52.0,131.2,21.0,17.0,7.0
1-85267fa4-9dcd-4598-9a7e-6569b70c87d2,de_nuke,2200.0,0.92,40.0,51.0,6672.0,10.0,2676.4,1.086,2852.8,1.086,52.0,-652.8,11.0,20.0,6.0
1-85267fa4-9dcd-4598-9a7e-6569b70c87d2,de_nuke,2687.0,1.12,45.0,50.0,4176.0,10.0,2676.4,1.086,2852.8,1.086,52.0,-165.8,22.0,16.0,3.0
1-85267fa4-9dcd-4598-9a7e-6569b70c87d2,de_nuke,2906.0,1.22,44.0,52.0,2240.0,10.0,2676.4,1.086,2852.8,1.086,52.0,53.2,2.0,13.0,1.0
1-85267fa4-9dcd-4598-9a7e-6569b70c87d2,de_nuke,2605.0,1.08,52.0,50.0,1936.0,10.0,2676.4,1.086,2852.8,1.086,52.0,-247.8,13.0,20.0,5.0
1-85267fa4-9dcd-4598-9a7e-6569b70c87d2,de_nuke,3222.0,1.04,42.0,52.0,6488.0,10.0,2852.8,1.086,2676.4,1.086,51.0,545.6,17.0,14.0,4.0
1-85267fa4-9dcd-4598-9a7e-6569b70c87d2,de_nuke,2775.0,1.05,51.0,52.0,6006.0,10.0,2852.8,1.086,2676.4,1.086,51.0,98.6,21.0,16.0,5.0
1-85267fa4-9dcd-4598-9a7e-6569b70c87d2,de_nuke,2869.0,1.1,49.0,53.0,2057.0,10.0,2852.8,1.086,2676.4,1.086,51.0,192.6,10.0,14.0,5.0
1-85267fa4-9dcd-4598-9a7e-6569b70c87d2,de_nuke,2689.0,1.14,40.0,52.0,2389.0,10.0,2852.8,1.086,2676.4,1.086,51.0,12.6,19.0,13.0,5.0
1-85267fa4-9dcd-4598-9a7e-6569b70c87d2,de_nuke,2709.0,1.1,50.0,51.0,3275.0,10.0,2852.8,1.086,2676.4,1.086,51.0,32.6,23.0,13.0,6.0
1-96ec0c2c-4af5-4e45-a9b8-4ba16050eb9c,de_anubis,2826.0,1.18,53.0,52.0,2198.0,10.0,2629.4,1.118,2717.2,1.072,51.6,108.8,13.0,17.0,4.0
1-96ec0c2c-4af5-4e45-a9b8-4ba16050eb9c,de_anubis,2702.0,1.09,47.0,51.0,5387.0,10.0,2629.4,1.118,2717.2,1.072,51.6,-15.2,13.0,15.0,3.0
1-96ec0c2c-4af5-4e45-a9b8-4ba16050eb9c,de_anubis,2194.0,1.14,46.0,52.0,2122.0,10.0,2629.4,1.118,2717.2,1.072,51.6,-523.2,13.0,16.0,3.0
1-96ec0c2c-4af5-4e45-a9b8-4ba16050eb9c,de_anubis,2838.0,1.12,48.0,50.0,4129.0,10.0,2629.4,1.118,2717.2,1.072,51.6,120.8,9.0,17.0,2.0
1-96ec0c2c-4af5-4e45-a9b8-4ba16050eb9c,de_anubis,2587.0,1.06,48.0,51.0,5590.0,10.0,2629.4,1.118,2717.2,1.072,51.6,-130.2,5.0,17.0,1.0
1-96ec0c2c-4af5-4e45-a9b8-4ba16050eb9c,de_anubis,3222.0,1.04,42.0,52.0,6488.0,10.0,2717.2,1.072,2629.4,1.118,51.2,592.6,24.0,11.0,10.0
1-96ec0c2c-4af5-4e45-a9b8-4ba16050eb9c,de_anubis,2097.0,0.98,56.0,50.0,4623.0,10.0,2717.2,1.072,2629.4,1.118,51.2,-532.4,3.0,12.0,6.0
1-96ec0c2c-4af5-4e45-a9b8-4ba16050eb9c,de_anubis,2869.0,1.1,49.0,53.0,2057.0,10.0,2717.2,1.072,2629.4,1.118,51.2,239.6,8.0,12.0,8.0
1-96ec0c2c-4af5-4e45-a9b8-4ba16050eb9c,de_anubis,2689.0,1.14,40.0,52.0,2389.0,10.0,2717.2,1.072,2629.4,1.118,51.2,59.6,24.0,9.0,6.0
1-96ec0c2c-4af5-4e45-a9b8-4ba16050eb9c,de_anubis,2709.0,1.1,50.0,51.0,3275.0,10.0,2717.2,1.072,2629.4,1.118,51.2,79.6,23.0,10.0,7.0
1-7a6a3cab-0bf9-46af-a68c-833635b1cb9c,de_dust2,2680.0,1.21,52.0,52.0,3887.0,10.0,2709.8,1.176,2742.6,1.194,52.4,-62.6,22.0,27.0,6.0
1-7a6a3cab-0bf9-46af-a68c-833635b1cb9c,de_dust2,2682.0,1.12,47.0,52.0,2534.0,10.0,2709.8,1.176,2742.6,1.194,52.4,-60.6,22.0,28.0,7.0
1-7a6a3cab-0bf9-46af-a68c-833635b1cb9c,de_dust2,2689.0,1.14,40.0,52.0,2389.0,10.0,2709.8,1.176,2742.6,1.194,52.4,-53.6,17.0,26.0,10.0
1-7a6a3cab-0bf9-46af-a68c-833635b1cb9c,de_dust2,2798.0,1.17,40.0,54.0,5247.0,10.0,2709.8,1.176,2742.6,1.194,52.4,55.4,33.0,24.0,6.0
1-7a6a3cab-0bf9-46af-a68c-833635b1cb9c,de_dust2,2700.0,1.24,43.0,53.0,2914.0,10.0,2709.8,1.176,2742.6,1.194,52.4,-42.6,30.0,26.0,11.0
1-7a6a3cab-0bf9-46af-a68c-833635b1cb9c,de_dust2,2900.0,1.12,46.0,52.0,9449.0,10.0,2742.6,1.194,2709.8,1.176,52.6,190.2,27.0,28.0,7.0
1-7a6a3cab-0bf9-46af-a68c-833635b1cb9c,de_dust2,2765.0,1.13,55.0,55.0,10319.0,10.0,2742.6,1.194,2709.8,1.176,52.6,55.2,38.0,25.0,5.0
1-7a6a3cab-0bf9-46af-a68c-833635b1cb9c,de_dust2,2697.0,1.22,45.0,52.0,2093.0,10.0,2742.6,1.194,2709.8,1.176,52.6,-12.8,23.0,24.0,8.0
1-7a6a3cab-0bf9-46af-a68c-833635b1cb9c,de_dust2,2682.0,1.36,44.0,51.0,3358.0,10.0,2742.6,1.194,2709.8,1.176,52.6,-27.8,23.0,22.0,11.0
1-7a6a3cab-0bf9-46af-a68c-833635b1cb9c,de_dust2,2669.0,1.14,53.0,52.0,3845.0,10.0,2742.6,1.194,2709.8,1.176,52.6,-40.8,20.0,26.0,14.0
1-5f6464fb-ff32-4ffc-819d-e9c719c3f593,de_anubis,2726.0,1.12,57.0,52.0,1107.0,10.0,2707.8,1.192,2538.2,1.162,51.6,187.8,14.0,12.0,2.0
1-5f6464fb-ff32-4ffc-819d-e9c719c3f593,de_anubis,2860.0,1.11,44.0,52.0,1286.0,10.0,2707.8,1.192,2538.2,1.162,51.6,321.8,11.0,13.0,6.0
1-5f6464fb-ff32-4ffc-819d-e9c719c3f593,de_anubis,2709.0,1.1,50.0,51.0,3275.0,10.0,2707.8,1.192,2538.2,1.162,51.6,170.8,23.0,8.0,6.0
1-5f6464fb-ff32-4ffc-819d-e9c719c3f593,de_anubis,2358.0,1.2,44.0,51.0,1068.0,10.0,2707.8,1.192,2538.2,1.162,51.6,-180.2,10.0,14.0,5.0
1-5f6464fb-ff32-4ffc-819d-e9c719c3f593,de_anubis,2886.0,1.43,52.0,55.0,1095.0,10.0,2707.8,1.192,2538.2,1.162,51.6,347.8,16.0,8.0,2.0
1-5f6464fb-ff32-4ffc-819d-e9c719c3f593,de_anubis,2454.0,1.23,44.0,51.0,1193.0,10.0,2538.2,1.162,2707.8,1.192,52.2,-253.8,8.0,15.0,5.0
1-5f6464fb-ff32-4ffc-819d-e9c719c3f593,de_anubis,2553.0,1.21,53.0,55.0,832.0,10.0,2538.2,1.162,2707.8,1.192,52.2,-154.8,17.0,16.0,4.0
1-5f6464fb-ff32-4ffc-819d-e9c719c3f593,de_anubis,2458.0,1.2,47.0,50.0,2006.0,10.0,2538.2,1.162,2707.8,1.192,52.2,-249.8,11.0,12.0,2.0
1-5f6464fb-ff32-4ffc-819d-e9c719c3f593,de_anubis,2745.0,1.13,48.0,51.0,2460.0,10.0,2538.2,1.162,2707.8,1.192,52.2,37.2,8.0,14.0,5.0
1-5f6464fb-ff32-4ffc-819d-e9c719c3f593,de_anubis,2481.0,1.04,54.0,51.0,1032.0,10.0,2538.2,1.162,2707.8,1.192,52.2,-226.8,11.0,17.0,2.0
1-21ea900f-bb12-479c-a8cf-e7c7b1acc40a,de_nuke,2161.0,1.07,41.0,50.0,2931.0,10.0,2036.0,1.112,2140.8,1.226,52.4,20.2,19.0,14.0,0.0
1-21ea900f-bb12-479c-a8cf-e7c7b1acc40a,de_nuke,1925.0,1.07,43.0,51.0,1940.0,9.0,2036.0,1.112,2140.8,1.226,52.4,-215.8,13.0,20.0,4.0
1-21ea900f-bb12-479c-a8cf-e7c7b1acc40a,de_nuke,2169.0,1.09,46.0,54.0,5689.0,10.0,2036.0,1.112,2140.8,1.226,52.4,28.2,8.0,16.0,4.0
1-21ea900f-bb12-479c-a8cf-e7c7b1acc40a,de_nuke,1765.0,1.12,47.0,51.0,1366.0,9.0,2036.0,1.112,2140.8,1.226,52.4,-375.8,16.0,18.0,4.0
1-21ea900f-bb12-479c-a8cf-e7c7b1acc40a,de_nuke,2160.0,1.21,53.0,50.0,1022.0,10.0,2036.0,1.112,2140.8,1.226,52.4,19.2,22.0,18.0,8.0
1-21ea900f-bb12-479c-a8cf-e7c7b1acc40a,de_nuke,2032.0,1.38,52.0,55.0,472.0,10.0,2140.8,1.226,2036.0,1.112,51.2,-4.0,19.0,12.0,1.0
1-21ea900f-bb12-479c-a8cf-e7c7b1acc40a,de_nuke,2339.0,1.21,51.0,57.0,520.0,10.0,2140.8,1.226,2036.0,1.112,51.2,303.0,12.0,17.0,4.0
1-21ea900f-bb12-479c-a8cf-e7c7b1acc40a,de_nuke,2146.0,1.37,47.0,50.0,4253.0,10.0,2140.8,1.226,2036.0,1.112,51.2,110.0,22.0,15.0,6.0
1-21ea900f-bb12-479c-a8cf-e7c7b1acc40a,de_nuke,2127.0,1.1,39.0,51.0,1034.0,10.0,2140.8,1.226,2036.0,1.112,51.2,91.0,15.0,17.0,4.0
1-21ea900f-bb12-479c-a8cf-e7c7b1acc40a,de_nuke,2060.0,1.07,48.0,49.0,3375.0,10.0,2140.8,1.226,2036.0,1.112,51.2,24.0,20.0,18.0,8.0
1-2b270265-7be6-4ee9-9035-54c0183e5ce8,de_ancient,1951.0,1.1,53.0,50.0,2529.0,9.0,1995.6,1.1,1719.8,1.076,50.0,231.2,12.0,16.0,3.0
1-2b270265-7be6-4ee9-9035-54c0183e5ce8,de_ancient,1752.0,1.11,48.0,50.0,1013.0,9.0,1995.6,1.1,1719.8,1.076,50.0,32.2,17.0,14.0,8.0
1-2b270265-7be6-4ee9-9035-54c0183e5ce8,de_ancient,2169.0,1.09,46.0,54.0,5689.0,10.0,1995.6,1.1,1719.8,1.076,50.0,449.2,14.0,13.0,4.0
1-2b270265-7be6-4ee9-9035-54c0183e5ce8,de_ancient,1979.0,1.1,46.0,51.0,1441.0,9.0,1995.6,1.1,1719.8,1.076,50.0,259.2,14.0,14.0,4.0
1-2b270265-7be6-4ee9-9035-54c0183e5ce8,de_ancient,2127.0,1.1,39.0,51.0,1034.0,10.0,1995.6,1.1,1719.8,1.076,50.0,407.2,9.0,16.0,2.0
1-2b270265-7be6-4ee9-9035-54c0183e5ce8,de_ancient,2273.0,1.14,50.0,50.0,3459.0,10.0,1719.8,1.076,1995.6,1.1,51.2,277.4,15.0,13.0,4.0
1-2b270265-7be6-4ee9-9035-54c0183e5ce8,de_ancient,2150.0,1.08,52.0,51.0,1406.0,10.0,1719.8,1.076,1995.6,1.1,51.2,154.4,9.0,15.0,10.0
1-2b270265-7be6-4ee9-9035-54c0183e5ce8,de_ancient,2105.0,1.09,52.0,50.0,1603.0,10.0,1719.8,1.076,1995.6,1.1,51.2,109.4,16.0,15.0,4.0
1-2b270265-7be6-4ee9-9035-54c0183e5ce8,de_ancient,2071.0,0.98,46.0,50.0,1231.0,10.0,1719.8,1.076,1995.6,1.1,51.2,75.4,16.0,15.0,3.0
1-2b270265-7be6-4ee9-9035-54c0183e5ce8,de_ancient,0,1.09,45.0,49.0,1065.0,0,1719.8,1.076,1995.6,1.1,51.2,-1995.6,16.0,10.0,1.0
1-06fb5c19-9a50-488e-9c47-65e375025595,de_inferno,2357.0,1.05,47.0,51.0,1407.0,10.0,2138.2,1.096,2183.4,1.1,50.4,173.6,8.0,15.0,4.0
1-06fb5c19-9a50-488e-9c47-65e375025595,de_inferno,1920.0,1.23,54.0,51.0,1029.0,9.0,2138.2,1.096,2183.4,1.1,50.4,-263.4,13.0,17.0,0.0
1-06fb5c19-9a50-488e-9c47-65e375025595,de_inferno,2169.0,1.09,46.0,54.0,5689.0,10.0,2138.2,1.096,2183.4,1.1,50.4,-14.4,11.0,12.0,2.0
1-06fb5c19-9a50-488e-9c47-65e375025595,de_inferno,2101.0,1.06,52.0,50.0,2678.0,10.0,2138.2,1.096,2183.4,1.1,50.4,-82.4,10.0,14.0,4.0
1-06fb5c19-9a50-488e-9c47-65e375025595,de_inferno,2144.0,1.05,57.0,53.0,782.0,10.0,2138.2,1.096,2183.4,1.1,50.4,-39.4,6.0,10.0,4.0
1-06fb5c19-9a50-488e-9c47-65e375025595,de_inferno,2072.0,1.17,45.0,51.0,3149.0,10.0,2183.4,1.1,2138.2,1.096,51.8,-66.2,17.0,10.0,4.0
1-06fb5c19-9a50-488e-9c47-65e375025595,de_inferno,2303.0,0.96,44.0,51.0,5088.0,10.0,2183.4,1.1,2138.2,1.096,51.8,164.8,12.0,12.0,4.0
1-06fb5c19-9a50-488e-9c47-65e375025595,de_inferno,2381.0,1.1,54.0,51.0,1344.0,10.0,2183.4,1.1,2138.2,1.096,51.8,242.8,15.0,9.0,4.0
1-06fb5c19-9a50-488e-9c47-65e375025595,de_inferno,2065.0,1.17,44.0,49.0,2264.0,10.0,2183.4,1.1,2138.2,1.096,51.8,-73.2,13.0,10.0,5.0
1-06fb5c19-9a50-488e-9c47-65e375025595,de_inferno,2096.0,1.1,53.0,50.0,2496.0,10.0,2183.4,1.1,2138.2,1.096,51.8,-42.2,17.0,10.0,3.0
1-d0ace3c2-cfc4-40bc-bb60-99da68e6f4a2,de_nuke,3059.0,1.2,51.0,53.0,2693.0,10.0,2836.6,1.216,2858.8,1.236,53.2,200.2,6.0,18.0,0.0
1-d0ace3c2-cfc4-40bc-bb60-99da68e6f4a2,de_nuke,2031.0,1.1,41.0,53.0,607.0,10.0,2836.6,1.216,2858.8,1.236,53.2,-827.8,13.0,17.0,5.0
1-d0ace3c2-cfc4-40bc-bb60-99da68e6f4a2,de_nuke,3067.0,1.4,50.0,57.0,763.0,10.0,2836.6,1.216,2858.8,1.236,53.2,208.2,9.0,15.0,2.0
1-d0ace3c2-cfc4-40bc-bb60-99da68e6f4a2,de_nuke,2719.0,1.24,43.0,52.0,3055.0,10.0,2836.6,1.216,2858.8,1.236,53.2,-139.8,15.0,17.0,7.0
1-d0ace3c2-cfc4-40bc-bb60-99da68e6f4a2,de_nuke,3307.0,1.14,54.0,52.0,5666.0,10.0,2836.6,1.216,2858.8,1.236,53.2,448.2,16.0,15.0,4.0
1-d0ace3c2-cfc4-40bc-bb60-99da68e6f4a2,de_nuke,2506.0,1.07,42.0,54.0,924.0,10.0,2858.8,1.236,2836.6,1.216,53.4,-330.6,17.0,13.0,5.0
1-d0ace3c2-cfc4-40bc-bb60-99da68e6f4a2,de_nuke,3113.0,1.33,53.0,55.0,1317.0,10.0,2858.8,1.236,2836.6,1.216,53.4,276.4,23.0,11.0,4.0
1-d0ace3c2-cfc4-40bc-bb60-99da68e6f4a2,de_nuke,2880.0,1.3,59.0,52.0,3558.0,10.0,2858.8,1.236,2836.6,1.216,53.4,43.4,15.0,12.0,6.0
1-d0ace3c2-cfc4-40bc-bb60-99da68e6f4a2,de_nuke,3003.0,1.37,43.0,53.0,1773.0,10.0,2858.8,1.236,2836.6,1.216,53.4,166.4,15.0,11.0,6.0
1-d0ace3c2-cfc4-40bc-bb60-99da68e6f4a2,de_nuke,2792.0,1.11,61.0,52.0,1977.0,10.0,2858.8,1.236,2836.6,1.216,53.4,-44.6,12.0,12.0,4.0
1-251b89d1-4e98-4cd4-9d6a-b1a18dabf852,de_inferno,2328.0,1.22,49.0,53.0,1201.0,10.0,2152.8,1.082,2067.0,1.05,50.4,261.0,17.0,15.0,7.0
1-251b89d1-4e98-4cd4-9d6a-b1a18dabf852,de_inferno,2068.0,1.2,50.0,52.0,788.0,10.0,2152.8,1.082,2067.0,1.05,50.4,1.0,16.0,11.0,3.0
1-251b89d1-4e98-4cd4-9d6a-b1a18dabf852,de_inferno,2170.0,1.04,48.0,50.0,8726.0,10.0,2152.8,1.082,2067.0,1.05,50.4,103.0,20.0,13.0,8.0
1-251b89d1-4e98-4cd4-9d6a-b1a18dabf852,de_inferno,2138.0,1.0,44.0,51.0,1969.0,10.0,2152.8,1.082,2067.0,1.05,50.4,71.0,14.0,13.0,6.0
1-251b89d1-4e98-4cd4-9d6a-b1a18dabf852,de_inferno,2060.0,0.95,47.0,50.0,7958.0,10.0,2152.8,1.082,2067.0,1.05,50.4,-7.0,17.0,14.0,2.0
1-251b89d1-4e98-4cd4-9d6a-b1a18dabf852,de_inferno,2031.0,1.1,41.0,53.0,607.0,10.0,2067.0,1.05,2152.8,1.082,51.2,-121.8,15.0,15.0,2.0
1-251b89d1-4e98-4cd4-9d6a-b1a18dabf852,de_inferno,2180.0,1.1,45.0,50.0,3917.0,10.0,2067.0,1.05,2152.8,1.082,51.2,27.2,13.0,16.0,1.0
1-251b89d1-4e98-4cd4-9d6a-b1a18dabf852,de_inferno,2225.0,1.01,45.0,50.0,2408.0,10.0,2067.0,1.05,2152.8,1.082,51.2,72.2,7.0,17.0,10.0
1-251b89d1-4e98-4cd4-9d6a-b1a18dabf852,de_inferno,2044.0,1.01,38.0,50.0,4245.0,10.0,2067.0,1.05,2152.8,1.082,51.2,-108.8,12.0,19.0,2.0
1-251b89d1-4e98-4cd4-9d6a-b1a18dabf852,de_inferno,1855.0,1.03,47.0,49.0,2858.0,9.0,2067.0,1.05,2152.8,1.082,51.2,-297.8,16.0,18.0,4.0
1-a97e1722-9d33-4e29-9062-e9e90f9ae82f,de_anubis,2677.0,1.21,46.0,52.0,2383.0,10.0,2586.8,1.15,2657.0,1.134,51.6,20.0,22.0,12.0,8.0
1-a97e1722-9d33-4e29-9062-e9e90f9ae82f,de_anubis,2875.0,1.26,58.0,52.0,2816.0,10.0,2586.8,1.15,2657.0,1.134,51.6,218.0,23.0,17.0,1.0
1-a97e1722-9d33-4e29-9062-e9e90f9ae82f,de_anubis,2133.0,1.09,42.0,54.0,458.0,10.0,2586.8,1.15,2657.0,1.134,51.6,-524.0,7.0,20.0,5.0
1-a97e1722-9d33-4e29-9062-e9e90f9ae82f,de_anubis,2703.0,1.08,48.0,51.0,3075.0,10.0,2586.8,1.15,2657.0,1.134,51.6,46.0,24.0,17.0,4.0
1-a97e1722-9d33-4e29-9062-e9e90f9ae82f,de_anubis,2546.0,1.11,54.0,51.0,1167.0,10.0,2586.8,1.15,2657.0,1.134,51.6,-111.0,13.0,20.0,5.0
1-a97e1722-9d33-4e29-9062-e9e90f9ae82f,de_anubis,2700.0,1.19,57.0,52.0,1784.0,10.0,2657.0,1.134,2586.8,1.15,52.0,113.2,17.0,20.0,9.0
1-a97e1722-9d33-4e29-9062-e9e90f9ae82f,de_anubis,2269.0,1.1,47.0,50.0,2117.0,10.0,2657.0,1.134,2586.8,1.15,52.0,-317.8,17.0,18.0,3.0
1-a97e1722-9d33-4e29-9062-e9e90f9ae82f,de_anubis,2606.0,1.12,62.0,52.0,2351.0,10.0,2657.0,1.134,2586.8,1.15,52.0,19.2,19.0,17.0,2.0
1-a97e1722-9d33-4e29-9062-e9e90f9ae82f,de_anubis,3210.0,1.18,55.0,54.0,1427.0,10.0,2657.0,1.134,2586.8,1.15,52.0,623.2,9.0,18.0,7.0
1-a97e1722-9d33-4e29-9062-e9e90f9ae82f,de_anubis,2500.0,1.08,49.0,50.0,3251.0,10.0,2657.0,1.134,2586.8,1.15,52.0,-86.8,24.0,16.0,3.0
1-c90b2c38-03cc-481e-8be3-888a1e15880b,de_mirage,2954.0,1.25,57.0,53.0,2123.0,10.0,2727.6,1.13,2733.8,1.164,52.6,220.2,12.0,20.0,3.0
1-c90b2c38-03cc-481e-8be3-888a1e15880b,de_mirage,2732.0,1.12,49.0,54.0,1641.0,10.0,2727.6,1.13,2733.8,1.164,52.6,-1.8,12.0,17.0,6.0
1-c90b2c38-03cc-481e-8be3-888a1e15880b,de_mirage,2613.0,1.07,47.0,50.0,11576.0,10.0,2727.6,1.13,2733.8,1.164,52.6,-120.8,23.0,17.0,6.0
1-c90b2c38-03cc-481e-8be3-888a1e15880b,de_mirage,2608.0,1.09,46.0,51.0,5260.0,10.0,2727.6,1.13,2733.8,1.164,52.6,-125.8,14.0,19.0,8.0
1-c90b2c38-03cc-481e-8be3-888a1e15880b,de_mirage,2731.0,1.12,41.0,51.0,3592.0,10.0,2727.6,1.13,2733.8,1.164,52.6,-2.8,17.0,14.0,1.0
1-c90b2c38-03cc-481e-8be3-888a1e15880b,de_mirage,2749.0,1.29,51.0,56.0,487.0,10.0,2733.8,1.164,2727.6,1.13,51.8,21.4,21.0,13.0,2.0
1-c90b2c38-03cc-481e-8be3-888a1e15880b,de_mirage,2542.0,1.18,56.0,52.0,808.0,10.0,2733.8,1.164,2727.6,1.13,51.8,-185.6,15.0,16.0,8.0
1-c90b2c38-03cc-481e-8be3-888a1e15880b,de_mirage,2830.0,1.16,40.0,52.0,1237.0,10.0,2733.8,1.164,2727.6,1.13,51.8,102.4,9.0,16.0,4.0
1-c90b2c38-03cc-481e-8be3-888a1e15880b,de_mirage,3002.0,1.08,49.0,52.0,1763.0,10.0,2733.8,1.164,2727.6,1.13,51.8,274.4,22.0,17.0,3.0
1-c90b2c38-03cc-481e-8be3-888a1e15880b,de_mirage,2546.0,1.11,54.0,51.0,1167.0,10.0,2733.8,1.164,2727.6,1.13,51.8,-181.6,20.0,16.0,6.0
1-b004c897-0bca-495f-8681-da78c17a0a36,de_mirage,2511.0,0.97,46.0,50.0,4016.0,10.0,2613.6,1.11,2401.8,1.186,52.0,109.2,8.0,16.0,3.0
1-b004c897-0bca-495f-8681-da78c17a0a36,de_mirage,2734.0,1.25,60.0,55.0,561.0,10.0,2613.6,1.11,2401.8,1.186,52.0,332.2,13.0,16.0,8.0
1-b004c897-0bca-495f-8681-da78c17a0a36,de_mirage,2709.0,1.09,45.0,50.0,4327.0,10.0,2613.6,1.11,2401.8,1.186,52.0,307.2,13.0,15.0,4.0
1-b004c897-0bca-495f-8681-da78c17a0a36,de_mirage,2583.0,1.22,40.0,52.0,1475.0,10.0,2613.6,1.11,2401.8,1.186,52.0,181.2,14.0,15.0,1.0
1-b004c897-0bca-495f-8681-da78c17a0a36,de_mirage,2531.0,1.02,56.0,50.0,3748.0,10.0,2613.6,1.11,2401.8,1.186,52.0,129.2,7.0,17.0,7.0
1-b004c897-0bca-495f-8681-da78c17a0a36,de_mirage,1804.0,1.19,50.0,52.0,741.0,9.0,2401.8,1.186,2613.6,1.11,51.4,-809.6,9.0,12.0,12.0
1-b004c897-0bca-495f-8681-da78c17a0a36,de_mirage,2248.0,1.16,47.0,52.0,2155.0,10.0,2401.8,1.186,2613.6,1.11,51.4,-365.6,15.0,12.0,7.0
1-b004c897-0bca-495f-8681-da78c17a0a36,de_mirage,2735.0,1.24,55.0,52.0,1112.0,10.0,2401.8,1.186,2613.6,1.11,51.4,121.4,20.0,9.0,3.0
1-b004c897-0bca-495f-8681-da78c17a0a36,de_mirage,2532.0,1.13,51.0,51.0,1277.0,10.0,2401.8,1.186,2613.6,1.11,51.4,-81.6,19.0,9.0,4.0
1-b004c897-0bca-495f-8681-da78c17a0a36,de_mirage,2690.0,1.21,48.0,53.0,1770.0,10.0,2401.8,1.186,2613.6,1.11,51.4,76.4,16.0,13.0,4.0
1-d290a446-183f-49c4-b70a-eab94adeffb7,de_dust2,2598.0,1.26,44.0,53.0,2123.0,10.0,2649.6,1.156,2624.0,1.242,53.6,-26.0,13.0,18.0,4.0
1-d290a446-183f-49c4-b70a-eab94adeffb7,de_dust2,2426.0,1.08,47.0,51.0,4533.0,10.0,2649.6,1.156,2624.0,1.242,53.6,-198.0,17.0,18.0,5.0
1-d290a446-183f-49c4-b70a-eab94adeffb7,de_dust2,2728.0,1.07,46.0,51.0,2632.0,10.0,2649.6,1.156,2624.0,1.242,53.6,104.0,13.0,18.0,5.0
1-d290a446-183f-49c4-b70a-eab94adeffb7,de_dust2,2995.0,1.13,60.0,51.0,3299.0,10.0,2649.6,1.156,2624.0,1.242,53.6,371.0,12.0,19.0,2.0
1-d290a446-183f-49c4-b70a-eab94adeffb7,de_dust2,2501.0,1.24,50.0,52.0,1266.0,10.0,2649.6,1.156,2624.0,1.242,53.6,-123.0,17.0,12.0,3.0
1-d290a446-183f-49c4-b70a-eab94adeffb7,de_dust2,2773.0,1.58,51.0,59.0,372.0,10.0,2624.0,1.242,2649.6,1.156,51.6,123.4,19.0,13.0,4.0
1-d290a446-183f-49c4-b70a-eab94adeffb7,de_dust2,2524.0,1.22,57.0,53.0,1069.0,10.0,2624.0,1.242,2649.6,1.156,51.6,-125.6,21.0,13.0,2.0
1-d290a446-183f-49c4-b70a-eab94adeffb7,de_dust2,2400.0,1.02,56.0,51.0,2856.0,10.0,2624.0,1.242,2649.6,1.156,51.6,-249.6,16.0,17.0,10.0
1-d290a446-183f-49c4-b70a-eab94adeffb7,de_dust2,2715.0,1.24,45.0,54.0,1219.0,10.0,2624.0,1.242,2649.6,1.156,51.6,65.4,17.0,17.0,5.0
1-d290a446-183f-49c4-b70a-eab94adeffb7,de_dust2,2708.0,1.15,53.0,51.0,2900.0,10.0,2624.0,1.242,2649.6,1.156,51.6,58.4,10.0,15.0,10.0
1-71d12b51-e648-4d42-a7f0-c0b9c9142c04,de_mirage,2854.0,1.28,45.0,54.0,1012.0,10.0,2776.0,1.22,2708.2,1.236,54.2,145.8,18.0,20.0,5.0
1-71d12b51-e648-4d42-a7f0-c0b9c9142c04,de_mirage,2436.0,1.2,51.0,50.0,1319.0,10.0,2776.0,1.22,2708.2,1.236,54.2,-272.2,17.0,18.0,5.0
1-71d12b51-e648-4d42-a7f0-c0b9c9142c04,de_mirage,2766.0,1.34,49.0,54.0,1583.0,10.0,2776.0,1.22,2708.2,1.236,54.2,57.8,12.0,15.0,3.0
1-71d12b51-e648-4d42-a7f0-c0b9c9142c04,de_mirage,3254.0,1.08,47.0,53.0,3123.0,10.0,2776.0,1.22,2708.2,1.236,54.2,545.8,19.0,18.0,2.0
1-71d12b51-e648-4d42-a7f0-c0b9c9142c04,de_mirage,2570.0,1.2,63.0,53.0,972.0,10.0,2776.0,1.22,2708.2,1.236,54.2,-138.2,12.0,18.0,9.0
1-71d12b51-e648-4d42-a7f0-c0b9c9142c04,de_mirage,3114.0,1.25,51.0,53.0,2318.0,10.0,2708.2,1.236,2776.0,1.22,52.8,338.0,17.0,15.0,7.0
1-71d12b51-e648-4d42-a7f0-c0b9c9142c04,de_mirage,2972.0,1.25,53.0,54.0,1665.0,10.0,2708.2,1.236,2776.0,1.22,52.8,196.0,19.0,17.0,2.0
1-71d12b51-e648-4d42-a7f0-c0b9c9142c04,de_mirage,2789.0,1.08,41.0,51.0,4371.0,10.0,2708.2,1.236,2776.0,1.22,52.8,13.0,21.0,16.0,2.0
1-71d12b51-e648-4d42-a7f0-c0b9c9142c04,de_mirage,2164.0,1.2,38.0,53.0,2090.0,10.0,2708.2,1.236,2776.0,1.22,52.8,-612.0,20.0,15.0,9.0
1-71d12b51-e648-4d42-a7f0-c0b9c9142c04,de_mirage,2502.0,1.4,50.0,60.0,456.0,10.0,2708.2,1.236,2776.0,1.22,52.8,-274.0,12.0,16.0,3.0
1-2fd42f0c-5198-4dad-87ab-09b88a2800f9,de_mirage,2890.0,1.3,47.0,55.0,563.0,10.0,2763.4,1.148,2710.0,1.234,56.8,180.0,17.0,14.0,3.0
1-2fd42f0c-5198-4dad-87ab-09b88a2800f9,de_mirage,2552.0,1.03,47.0,51.0,2783.0,10.0,2763.4,1.148,2710.0,1.234,56.8,-158.0,14.0,16.0,4.0
1-2fd42f0c-5198-4dad-87ab-09b88a2800f9,de_mirage,2576.0,1.19,52.0,55.0,574.0,10.0,2763.4,1.148,2710.0,1.234,56.8,-134.0,17.0,12.0,5.0
1-2fd42f0c-5198-4dad-87ab-09b88a2800f9,de_mirage,3254.0,1.08,47.0,53.0,3123.0,10.0,2763.4,1.148,2710.0,1.234,56.8,544.0,12.0,14.0,6.0
1-2fd42f0c-5198-4dad-87ab-09b88a2800f9,de_mirage,2545.0,1.14,46.0,53.0,1045.0,10.0,2763.4,1.148,2710.0,1.234,56.8,-165.0,20.0,10.0,3.0
1-2fd42f0c-5198-4dad-87ab-09b88a2800f9,de_mirage,2953.0,1.21,51.0,58.0,454.0,10.0,2710.0,1.234,2763.4,1.148,53.4,189.6,16.0,16.0,4.0
1-2fd42f0c-5198-4dad-87ab-09b88a2800f9,de_mirage,2581.0,1.11,50.0,53.0,2156.0,10.0,2710.0,1.234,2763.4,1.148,53.4,-182.4,10.0,16.0,3.0
1-2fd42f0c-5198-4dad-87ab-09b88a2800f9,de_mirage,2775.0,1.07,52.0,51.0,4856.0,10.0,2710.0,1.234,2763.4,1.148,53.4,11.6,13.0,18.0,6.0
1-2fd42f0c-5198-4dad-87ab-09b88a2800f9,de_mirage,2601.0,1.61,58.0,70.0,130.0,10.0,2710.0,1.234,2763.4,1.148,53.4,-162.4,17.0,16.0,3.0
1-2fd42f0c-5198-4dad-87ab-09b88a2800f9,de_mirage,2640.0,1.17,39.0,52.0,1776.0,10.0,2710.0,1.234,2763.4,1.148,53.4,-123.4,10.0,15.0,6.0
1-3de172cb-1d8b-49db-b466-f062e93dd258,de_anubis,3119.0,1.07,57.0,51.0,5069.0,10.0,2968.6,1.136,3008.0,1.118,52.4,111.0,22.0,16.0,5.0
1-3de172cb-1d8b-49db-b466-f062e93dd258,de_anubis,3298.0,1.16,55.0,52.0,2238.0,10.0,2968.6,1.136,3008.0,1.118,52.4,290.0,18.0,18.0,5.0
1-3de172cb-1d8b-49db-b466-f062e93dd258,de_anubis,3175.0,1.12,49.0,54.0,1067.0,10.0,2968.6,1.136,3008.0,1.118,52.4,167.0,15.0,17.0,6.0
1-3de172cb-1d8b-49db-b466-f062e93dd258,de_anubis,2277.0,1.04,51.0,50.0,4176.0,10.0,2968.6,1.136,3008.0,1.118,52.4,-731.0,12.0,17.0,5.0
1-3de172cb-1d8b-49db-b466-f062e93dd258,de_anubis,2974.0,1.29,51.0,55.0,797.0,10.0,2968.6,1.136,3008.0,1.118,52.4,-34.0,18.0,18.0,3.0
1-3de172cb-1d8b-49db-b466-f062e93dd258,de_anubis,3132.0,0.86,54.0,50.0,4483.0,10.0,3008.0,1.118,2968.6,1.136,52.4,163.4,22.0,15.0,3.0
1-3de172cb-1d8b-49db-b466-f062e93dd258,de_anubis,2805.0,1.13,54.0,54.0,768.0,10.0,3008.0,1.118,2968.6,1.136,52.4,-163.6,14.0,19.0,4.0
1-3de172cb-1d8b-49db-b466-f062e93dd258,de_anubis,2948.0,1.27,49.0,52.0,2555.0,10.0,3008.0,1.118,2968.6,1.136,52.4,-20.6,16.0,17.0,8.0
1-3de172cb-1d8b-49db-b466-f062e93dd258,de_anubis,3254.0,1.08,47.0,53.0,3123.0,10.0,3008.0,1.118,2968.6,1.136,52.4,285.4,22.0,17.0,6.0
1-3de172cb-1d8b-49db-b466-f062e93dd258,de_anubis,2901.0,1.25,52.0,53.0,1725.0,10.0,3008.0,1.118,2968.6,1.136,52.4,-67.6,12.0,17.0,3.0
1-2e71f3d2-9c0a-42af-b4d0-0dbbb843dda1,de_mirage,3254.0,1.08,47.0,53.0,3123.0,10.0,2913.0,1.198,2898.4,1.13,55.0,355.6,11.0,18.0,3.0
1-2e71f3d2-9c0a-42af-b4d0-0dbbb843dda1,de_mirage,3083.0,1.26,56.0,56.0,989.0,10.0,2913.0,1.198,2898.4,1.13,55.0,184.6,8.0,17.0,2.0
1-2e71f3d2-9c0a-42af-b4d0-0dbbb843dda1,de_mirage,3074.0,1.37,49.0,57.0,849.0,10.0,2913.0,1.198,2898.4,1.13,55.0,175.6,16.0,21.0,7.0
1-2e71f3d2-9c0a-42af-b4d0-0dbbb843dda1,de_mirage,2656.0,1.13,58.0,51.0,4969.0,10.0,2913.0,1.198,2898.4,1.13,55.0,-242.4,9.0,19.0,2.0
1-2e71f3d2-9c0a-42af-b4d0-0dbbb843dda1,de_mirage,2498.0,1.15,60.0,51.0,3350.0,10.0,2913.0,1.198,2898.4,1.13,55.0,-400.4,26.0,16.0,2.0
1-2e71f3d2-9c0a-42af-b4d0-0dbbb843dda1,de_mirage,2755.0,1.16,52.0,54.0,3545.0,10.0,2898.4,1.13,2913.0,1.198,53.6,-158.0,17.0,13.0,7.0
1-2e71f3d2-9c0a-42af-b4d0-0dbbb843dda1,de_mirage,2781.0,1.21,52.0,57.0,978.0,10.0,2898.4,1.13,2913.0,1.198,53.6,-132.0,15.0,15.0,3.0
1-2e71f3d2-9c0a-42af-b4d0-0dbbb843dda1,de_mirage,3077.0,1.03,48.0,53.0,4491.0,10.0,2898.4,1.13,2913.0,1.198,53.6,164.0,17.0,12.0,4.0
1-2e71f3d2-9c0a-42af-b4d0-0dbbb843dda1,de_mirage,2973.0,1.17,52.0,53.0,2838.0,10.0,2898.4,1.13,2913.0,1.198,53.6,60.0,19.0,15.0,6.0
1-2e71f3d2-9c0a-42af-b4d0-0dbbb843dda1,de_mirage,2906.0,1.08,57.0,58.0,665.0,10.0,2898.4,1.13,2913.0,1.198,53.6,-7.0,21.0,16.0,5.0
1-55319aae-9de4-4647-b810-265be7ad316d,de_ancient,2984.0,1.09,43.0,52.0,10547.0,10.0,2527.2,1.048,2552.0,1.138,52.0,432.0,25.0,15.0,7.0
1-55319aae-9de4-4647-b810-265be7ad316d,de_ancient,2200.0,0.92,40.0,51.0,6672.0,10.0,2527.2,1.048,2552.0,1.138,52.0,-352.0,9.0,19.0,4.0
1-55319aae-9de4-4647-b810-265be7ad316d,de_ancient,2722.0,1.08,52.0,51.0,4397.0,10.0,2527.2,1.048,2552.0,1.138,52.0,170.0,12.0,18.0,4.0
1-55319aae-9de4-4647-b810-265be7ad316d,de_ancient,2320.0,1.02,54.0,51.0,2449.0,10.0,2527.2,1.048,2552.0,1.138,52.0,-232.0,10.0,16.0,4.0
1-55319aae-9de4-4647-b810-265be7ad316d,de_ancient,2410.0,1.13,62.0,51.0,2283.0,10.0,2527.2,1.048,2552.0,1.138,52.0,-142.0,13.0,18.0,4.0
1-55319aae-9de4-4647-b810-265be7ad316d,de_ancient,3082.0,1.29,51.0,55.0,3969.0,10.0,2552.0,1.138,2527.2,1.048,51.2,554.8,11.0,11.0,8.0
1-55319aae-9de4-4647-b810-265be7ad316d,de_ancient,2198.0,1.08,49.0,51.0,5973.0,10.0,2552.0,1.138,2527.2,1.048,51.2,-329.2,16.0,12.0,6.0
1-55319aae-9de4-4647-b810-265be7ad316d,de_ancient,2225.0,0.99,51.0,52.0,4301.0,10.0,2552.0,1.138,2527.2,1.048,51.2,-302.2,12.0,17.0,5.0
1-55319aae-9de4-4647-b810-265be7ad316d,de_ancient,2941.0,1.22,45.0,51.0,3646.0,10.0,2552.0,1.138,2527.2,1.048,51.2,413.8,16.0,14.0,5.0
1-55319aae-9de4-4647-b810-265be7ad316d,de_ancient,2314.0,1.11,46.0,51.0,3551.0,10.0,2552.0,1.138,2527.2,1.048,51.2,-213.2,28.0,15.0,2.0
1-1a97265c-773a-4eca-be88-79f551adafcf,de_nuke,2984.0,1.09,43.0,52.0,10547.0,10.0,2609.0,1.126,2642.6,1.168,51.4,341.4,13.0,18.0,2.0
1-1a97265c-773a-4eca-be88-79f551adafcf,de_nuke,2200.0,0.92,40.0,51.0,6672.0,10.0,2609.0,1.126,2642.6,1.168,51.4,-442.6,7.0,16.0,7.0
1-1a97265c-773a-4eca-be88-79f551adafcf,de_nuke,2489.0,1.01,49.0,50.0,7508.0,10.0,2609.0,1.126,2642.6,1.168,51.4,-153.6,17.0,18.0,5.0
1-1a97265c-773a-4eca-be88-79f551adafcf,de_nuke,2585.0,1.23,43.0,51.0,2489.0,10.0,2609.0,1.126,2642.6,1.168,51.4,-57.6,19.0,17.0,2.0
1-1a97265c-773a-4eca-be88-79f551adafcf,de_nuke,2787.0,1.38,42.0,53.0,2055.0,10.0,2609.0,1.126,2642.6,1.168,51.4,144.4,14.0,16.0,6.0
1-1a97265c-773a-4eca-be88-79f551adafcf,de_nuke,2320.0,1.08,44.0,50.0,4277.0,10.0,2642.6,1.168,2609.0,1.126,51.4,-289.0,12.0,15.0,7.0
1-1a97265c-773a-4eca-be88-79f551adafcf,de_nuke,2658.0,1.23,56.0,51.0,1517.0,10.0,2642.6,1.168,2609.0,1.126,51.4,49.0,11.0,16.0,1.0
1-1a97265c-773a-4eca-be88-79f551adafcf,de_nuke,2871.0,1.25,42.0,52.0,2757.0,10.0,2642.6,1.168,2609.0,1.126,51.4,262.0,15.0,11.0,4.0
1-1a97265c-773a-4eca-be88-79f551adafcf,de_nuke,2809.0,1.21,51.0,52.0,2355.0,10.0,2642.6,1.168,2609.0,1.126,51.4,200.0,14.0,15.0,9.0
1-1a97265c-773a-4eca-be88-79f551adafcf,de_nuke,2555.0,1.07,51.0,52.0,1525.0,10.0,2642.6,1.168,2609.0,1.126,51.4,-54.0,33.0,15.0,6.0
1-f2bf08d3-7d8d-4234-9bb6-bcc8693af872,de_mirage,2863.0,1.34,44.0,53.0,1782.0,10.0,2768.4,1.124,2574.6,1.134,51.6,288.4,19.0,18.0,2.0
1-f2bf08d3-7d8d-4234-9bb6-bcc8693af872,de_mirage,3106.0,1.07,39.0,53.0,2510.0,10.0,2768.4,1.124,2574.6,1.134,51.6,531.4,17.0,19.0,8.0
1-f2bf08d3-7d8d-4234-9bb6-bcc8693af872,de_mirage,2689.0,1.2,44.0,54.0,1171.0,10.0,2768.4,1.124,2574.6,1.134,51.6,114.4,17.0,17.0,4.0
1-f2bf08d3-7d8d-4234-9bb6-bcc8693af872,de_mirage,2200.0,0.92,40.0,51.0,6672.0,10.0,2768.4,1.124,2574.6,1.134,51.6,-374.6,12.0,15.0,2.0
1-f2bf08d3-7d8d-4234-9bb6-bcc8693af872,de_mirage,2984.0,1.09,43.0,52.0,10547.0,10.0,2768.4,1.124,2574.6,1.134,51.6,409.4,15.0,17.0,3.0
1-f2bf08d3-7d8d-4234-9bb6-bcc8693af872,de_mirage,2899.0,1.11,48.0,52.0,4516.0,10.0,2574.6,1.134,2768.4,1.124,52.6,130.6,24.0,20.0,6.0
1-f2bf08d3-7d8d-4234-9bb6-bcc8693af872,de_mirage,2508.0,1.38,50.0,55.0,3963.0,10.0,2574.6,1.134,2768.4,1.124,52.6,-260.4,20.0,12.0,4.0
1-f2bf08d3-7d8d-4234-9bb6-bcc8693af872,de_mirage,2784.0,1.16,53.0,51.0,5377.0,10.0,2574.6,1.134,2768.4,1.124,52.6,15.6,15.0,16.0,4.0
1-f2bf08d3-7d8d-4234-9bb6-bcc8693af872,de_mirage,2265.0,1.06,53.0,50.0,3462.0,10.0,2574.6,1.134,2768.4,1.124,52.6,-503.4,17.0,15.0,6.0
1-f2bf08d3-7d8d-4234-9bb6-bcc8693af872,de_mirage,2417.0,0.96,57.0,50.0,3096.0,10.0,2574.6,1.134,2768.4,1.124,52.6,-351.4,10.0,17.0,8.0
1-3563248a-99d8-4260-9bad-d4e85a620539,de_ancient,3276.0,1.1,49.0,51.0,4242.0,10.0,3458.2,1.138,3595.8,1.17,53.6,-319.8,8.0,19.0,5.0
1-3563248a-99d8-4260-9bad-d4e85a620539,de_ancient,2984.0,1.09,43.0,52.0,10547.0,10.0,3458.2,1.138,3595.8,1.17,53.6,-611.8,14.0,17.0,1.0
1-3563248a-99d8-4260-9bad-d4e85a620539,de_ancient,2879.0,1.06,51.0,51.0,5350.0,10.0,3458.2,1.138,3595.8,1.17,53.6,-716.8,13.0,17.0,4.0
1-3563248a-99d8-4260-9bad-d4e85a620539,de_ancient,3834.0,1.24,45.0,53.0,6115.0,10.0,3458.2,1.138,3595.8,1.17,53.6,238.2,14.0,19.0,4.0
1-3563248a-99d8-4260-9bad-d4e85a620539,de_ancient,4318.0,1.2,45.0,52.0,6915.0,10.0,3458.2,1.138,3595.8,1.17,53.6,722.2,22.0,18.0,9.0
1-3563248a-99d8-4260-9bad-d4e85a620539,de_ancient,4142.0,1.22,60.0,59.0,12630.0,10.0,3595.8,1.17,3458.2,1.138,51.8,683.8,14.0,19.0,6.0
1-3563248a-99d8-4260-9bad-d4e85a620539,de_ancient,3955.0,1.19,54.0,56.0,13574.0,10.0,3595.8,1.17,3458.2,1.138,51.8,496.8,18.0,15.0,7.0
1-3563248a-99d8-4260-9bad-d4e85a620539,de_ancient,3382.0,1.15,45.0,51.0,4451.0,10.0,3595.8,1.17,3458.2,1.138,51.8,-76.2,22.0,11.0,5.0
1-3563248a-99d8-4260-9bad-d4e85a620539,de_ancient,3019.0,1.17,56.0,51.0,5308.0,10.0,3595.8,1.17,3458.2,1.138,51.8,-439.2,21.0,14.0,5.0
1-3563248a-99d8-4260-9bad-d4e85a620539,de_ancient,3481.0,1.12,55.0,51.0,2829.0,10.0,3595.8,1.17,3458.2,1.138,51.8,22.8,15.0,13.0,8.0
1-a4554dfb-1e63-4860-b810-33c682f18120,de_nuke,2320.0,1.08,44.0,50.0,4277.0,10.0,2634.0,1.168,2637.0,1.176,51.8,-317.0,12.0,18.0,4.0
1-a4554dfb-1e63-4860-b810-33c682f18120,de_nuke,2658.0,1.23,56.0,51.0,1517.0,10.0,2634.0,1.168,2637.0,1.176,51.8,21.0,12.0,17.0,5.0
1-a4554dfb-1e63-4860-b810-33c682f18120,de_nuke,2871.0,1.25,42.0,52.0,2757.0,10.0,2634.0,1.168,2637.0,1.176,51.8,234.0,13.0,18.0,5.0
1-a4554dfb-1e63-4860-b810-33c682f18120,de_nuke,2532.0,1.13,55.0,50.0,3858.0,10.0,2634.0,1.168,2637.0,1.176,51.8,-105.0,21.0,16.0,7.0
1-a4554dfb-1e63-4860-b810-33c682f18120,de_nuke,2789.0,1.15,49.0,51.0,2154.0,10.0,2634.0,1.168,2637.0,1.176,51.8,152.0,17.0,18.0,5.0
1-a4554dfb-1e63-4860-b810-33c682f18120,de_nuke,2306.0,1.03,43.0,51.0,3650.0,10.0,2637.0,1.176,2634.0,1.168,50.8,-328.0,12.0,12.0,10.0
1-a4554dfb-1e63-4860-b810-33c682f18120,de_nuke,2820.0,1.12,48.0,54.0,1629.0,10.0,2637.0,1.176,2634.0,1.168,50.8,186.0,16.0,17.0,7.0
1-a4554dfb-1e63-4860-b810-33c682f18120,de_nuke,2687.0,1.12,45.0,50.0,4176.0,10.0,2637.0,1.176,2634.0,1.168,50.8,53.0,20.0,16.0,8.0
1-a4554dfb-1e63-4860-b810-33c682f18120,de_nuke,2585.0,1.23,43.0,51.0,2489.0,10.0,2637.0,1.176,2634.0,1.168,50.8,-49.0,18.0,14.0,6.0
1-a4554dfb-1e63-4860-b810-33c682f18120,de_nuke,2787.0,1.38,42.0,53.0,2055.0,10.0,2637.0,1.176,2634.0,1.168,50.8,153.0,21.0,16.0,5.0
1-85824114-0163-4a68-94bc-79122b532bb3,de_dust2,2594.0,1.14,50.0,53.0,564.0,10.0,2725.4,1.178,2798.0,1.164,51.8,-204.0,11.0,24.0,8.0
1-85824114-0163-4a68-94bc-79122b532bb3,de_dust2,2870.0,1.16,56.0,52.0,1846.0,10.0,2725.4,1.178,2798.0,1.164,51.8,72.0,20.0,22.0,3.0
1-85824114-0163-4a68-94bc-79122b532bb3,de_dust2,2530.0,1.23,50.0,51.0,1715.0,10.0,2725.4,1.178,2798.0,1.164,51.8,-268.0,19.0,24.0,10.0
1-85824114-0163-4a68-94bc-79122b532bb3,de_dust2,2906.0,1.22,44.0,52.0,2240.0,10.0,2725.4,1.178,2798.0,1.164,51.8,108.0,21.0,25.0,7.0
1-85824114-0163-4a68-94bc-79122b532bb3,de_dust2,2727.0,1.14,52.0,52.0,2048.0,10.0,2725.4,1.178,2798.0,1.164,51.8,-71.0,32.0,22.0,7.0
1-85824114-0163-4a68-94bc-79122b532bb3,de_dust2,2719.0,1.24,43.0,52.0,3055.0,10.0,2798.0,1.164,2725.4,1.178,52.0,-6.4,29.0,17.0,3.0
1-85824114-0163-4a68-94bc-79122b532bb3,de_dust2,3307.0,1.14,54.0,52.0,5666.0,10.0,2798.0,1.164,2725.4,1.178,52.0,581.6,27.0,23.0,10.0
1-85824114-0163-4a68-94bc-79122b532bb3,de_dust2,2527.0,1.11,44.0,52.0,1233.0,10.0,2798.0,1.164,2725.4,1.178,52.0,-198.4,19.0,22.0,8.0
1-85824114-0163-4a68-94bc-79122b532bb3,de_dust2,2895.0,1.15,49.0,51.0,4194.0,10.0,2798.0,1.164,2725.4,1.178,52.0,169.6,25.0,24.0,10.0
1-85824114-0163-4a68-94bc-79122b532bb3,de_dust2,2542.0,1.18,56.0,52.0,808.0,10.0,2798.0,1.164,2725.4,1.178,52.0,-183.4,17.0,18.0,6.0
1-873d615b-0bfb-4f60-a49d-bf86838c0596,de_overpass,2926.0,1.21,43.0,51.0,4252.0,10.0,2749.4,1.202,2518.4,1.126,52.6,407.6,15.0,13.0,3.0
1-873d615b-0bfb-4f60-a49d-bf86838c0596,de_overpass,2376.0,1.25,37.0,52.0,1366.0,10.0,2749.4,1.202,2518.4,1.126,52.6,-142.4,15.0,7.0,4.0
1-873d615b-0bfb-4f60-a49d-bf86838c0596,de_overpass,2807.0,1.14,53.0,51.0,1608.0,10.0,2749.4,1.202,2518.4,1.126,52.6,288.6,20.0,13.0,4.0
1-873d615b-0bfb-4f60-a49d-bf86838c0596,de_overpass,2906.0,1.22,44.0,52.0,2240.0,10.0,2749.4,1.202,2518.4,1.126,52.6,387.6,19.0,10.0,3.0
1-873d615b-0bfb-4f60-a49d-bf86838c0596,de_overpass,2732.0,1.19,53.0,51.0,2448.0,10.0,2749.4,1.202,2518.4,1.126,52.6,213.6,8.0,7.0,3.0
1-873d615b-0bfb-4f60-a49d-bf86838c0596,de_overpass,2461.0,1.25,47.0,52.0,1216.0,10.0,2518.4,1.126,2749.4,1.202,51.4,-288.4,14.0,13.0,1.0
1-873d615b-0bfb-4f60-a49d-bf86838c0596,de_overpass,2438.0,1.07,44.0,53.0,1680.0,10.0,2518.4,1.126,2749.4,1.202,51.4,-311.4,9.0,16.0,5.0
1-873d615b-0bfb-4f60-a49d-bf86838c0596,de_overpass,2856.0,1.28,45.0,54.0,2720.0,10.0,2518.4,1.126,2749.4,1.202,51.4,106.6,6.0,18.0,8.0
1-873d615b-0bfb-4f60-a49d-bf86838c0596,de_overpass,1941.0,0.86,43.0,52.0,1126.0,9.0,2518.4,1.126,2749.4,1.202,51.4,-808.4,10.0,16.0,3.0
1-873d615b-0bfb-4f60-a49d-bf86838c0596,de_overpass,2896.0,1.17,54.0,52.0,3545.0,10.0,2518.4,1.126,2749.4,1.202,51.4,146.6,10.0,16.0,3.0
1-5fef0aa9-2419-4726-8485-e00ff8d0dc28,de_ancient,1110.0,1.29,39.0,52.0,916.0,5.0,2480.2,1.146,2756.8,1.09,55.2,-1646.8,20.0,24.0,7.0
1-5fef0aa9-2419-4726-8485-e00ff8d0dc28,de_ancient,2856.0,1.05,54.0,54.0,887.0,10.0,2480.2,1.146,2756.8,1.09,55.2,99.2,19.0,25.0,8.0
1-5fef0aa9-2419-4726-8485-e00ff8d0dc28,de_ancient,2958.0,1.28,56.0,49.0,1708.0,10.0,2480.2,1.146,2756.8,1.09,55.2,201.2,26.0,23.0,9.0
1-5fef0aa9-2419-4726-8485-e00ff8d0dc28,de_ancient,2605.0,1.08,52.0,50.0,1936.0,10.0,2480.2,1.146,2756.8,1.09,55.2,-151.8,29.0,19.0,7.0
1-5fef0aa9-2419-4726-8485-e00ff8d0dc28,de_ancient,2872.0,1.03,53.0,50.0,11375.0,10.0,2480.2,1.146,2756.8,1.09,55.2,115.2,7.0,10.0,2.0
1-5fef0aa9-2419-4726-8485-e00ff8d0dc28,de_ancient,2870.0,1.19,60.0,58.0,4500.0,10.0,2756.8,1.09,2480.2,1.146,51.0,389.8,25.0,21.0,8.0
1-5fef0aa9-2419-4726-8485-e00ff8d0dc28,de_ancient,2892.0,1.2,50.0,59.0,6451.0,10.0,2756.8,1.09,2480.2,1.146,51.0,411.8,21.0,21.0,12.0
1-5fef0aa9-2419-4726-8485-e00ff8d0dc28,de_ancient,3221.0,1.1,54.0,54.0,2814.0,10.0,2756.8,1.09,2480.2,1.146,51.0,740.8,20.0,25.0,8.0
1-5fef0aa9-2419-4726-8485-e00ff8d0dc28,de_ancient,2201.0,0.91,54.0,54.0,1546.0,10.0,2756.8,1.09,2480.2,1.146,51.0,-279.2,31.0,19.0,8.0
1-5fef0aa9-2419-4726-8485-e00ff8d0dc28,de_ancient,2600.0,1.05,43.0,51.0,2763.0,10.0,2756.8,1.09,2480.2,1.146,51.0,119.8,17.0,17.0,4.0
1-7ab29a9a-97b2-4ff1-a1ea-43b0346eb5fd,de_nuke,2711.0,1.21,51.0,51.0,1661.0,10.0,2829.0,1.232,2726.6,1.14,51.4,-15.6,18.0,15.0,3.0
1-7ab29a9a-97b2-4ff1-a1ea-43b0346eb5fd,de_nuke,3015.0,1.22,51.0,53.0,1535.0,10.0,2829.0,1.232,2726.6,1.14,51.4,288.4,17.0,15.0,4.0
1-7ab29a9a-97b2-4ff1-a1ea-43b0346eb5fd,de_nuke,2783.0,1.33,43.0,55.0,842.0,10.0,2829.0,1.232,2726.6,1.14,51.4,56.4,14.0,13.0,4.0
1-7ab29a9a-97b2-4ff1-a1ea-43b0346eb5fd,de_nuke,2725.0,1.21,42.0,51.0,2542.0,10.0,2829.0,1.232,2726.6,1.14,51.4,-1.6,8.0,13.0,7.0
1-7ab29a9a-97b2-4ff1-a1ea-43b0346eb5fd,de_nuke,2911.0,1.19,57.0,53.0,1021.0,10.0,2829.0,1.232,2726.6,1.14,51.4,184.4,22.0,15.0,3.0
1-7ab29a9a-97b2-4ff1-a1ea-43b0346eb5fd,de_nuke,2726.0,1.1,36.0,51.0,1704.0,10.0,2726.6,1.14,2829.0,1.232,52.6,-103.0,15.0,15.0,3.0
1-7ab29a9a-97b2-4ff1-a1ea-43b0346eb5fd,de_nuke,2826.0,1.18,53.0,52.0,2198.0,10.0,2726.6,1.14,2829.0,1.232,52.6,-3.0,16.0,16.0,5.0
1-7ab29a9a-97b2-4ff1-a1ea-43b0346eb5fd,de_nuke,2702.0,1.09,47.0,51.0,5387.0,10.0,2726.6,1.14,2829.0,1.232,52.6,-127.0,11.0,17.0,6.0
1-7ab29a9a-97b2-4ff1-a1ea-43b0346eb5fd,de_nuke,2710.0,1.08,47.0,52.0,1433.0,10.0,2726.6,1.14,2829.0,1.232,52.6,-119.0,11.0,16.0,6.0
1-7ab29a9a-97b2-4ff1-a1ea-43b0346eb5fd,de_nuke,2669.0,1.25,37.0,51.0,3306.0,10.0,2726.6,1.14,2829.0,1.232,52.6,-160.0,16.0,15.0,4.0
1-e939c43d-4f33-4242-8061-d2b3537b5b5b,de_mirage,2936.0,1.15,49.0,50.0,4988.0,10.0,2725.0,1.148,2541.2,1.11,51.4,394.8,21.0,17.0,6.0
1-e939c43d-4f33-4242-8061-d2b3537b5b5b,de_mirage,2709.0,1.07,51.0,50.0,4038.0,10.0,2725.0,1.148,2541.2,1.11,51.4,167.8,12.0,18.0,3.0
1-e939c43d-4f33-4242-8061-d2b3537b5b5b,de_mirage,2577.0,1.14,49.0,50.0,2338.0,10.0,2725.0,1.148,2541.2,1.11,51.4,35.8,15.0,12.0,6.0
1-e939c43d-4f33-4242-8061-d2b3537b5b5b,de_mirage,2869.0,1.16,50.0,51.0,2967.0,10.0,2725.0,1.148,2541.2,1.11,51.4,327.8,14.0,16.0,3.0
1-e939c43d-4f33-4242-8061-d2b3537b5b5b,de_mirage,2534.0,1.22,48.0,50.0,3558.0,10.0,2725.0,1.148,2541.2,1.11,51.4,-7.2,14.0,15.0,2.0
1-e939c43d-4f33-4242-8061-d2b3537b5b5b,de_mirage,2826.0,1.18,53.0,52.0,2198.0,10.0,2541.2,1.11,2725.0,1.148,50.2,101.0,26.0,14.0,1.0
1-e939c43d-4f33-4242-8061-d2b3537b5b5b,de_mirage,2702.0,1.09,47.0,51.0,5387.0,10.0,2541.2,1.11,2725.0,1.148,50.2,-23.0,20.0,16.0,4.0
1-e939c43d-4f33-4242-8061-d2b3537b5b5b,de_mirage,2194.0,1.14,46.0,52.0,2122.0,10.0,2541.2,1.11,2725.0,1.148,50.2,-531.0,9.0,16.0,5.0
1-e939c43d-4f33-4242-8061-d2b3537b5b5b,de_mirage,2539.0,1.13,52.0,51.0,2367.0,10.0,2541.2,1.11,2725.0,1.148,50.2,-186.0,12.0,15.0,3.0
1-e939c43d-4f33-4242-8061-d2b3537b5b5b,de_mirage,2445.0,1.01,49.0,51.0,2801.0,10.0,2541.2,1.11,2725.0,1.148,50.2,-280.0,10.0,15.0,5.0
1-aacfd3cf-4bcf-44f5-ac86-73e49721e4fa,de_mirage,2826.0,1.18,53.0,52.0,2198.0,10.0,2668.8,1.126,3066.8,1.18,53.0,-240.8,13.0,17.0,5.0
1-aacfd3cf-4bcf-44f5-ac86-73e49721e4fa,de_mirage,2702.0,1.09,47.0,51.0,5387.0,10.0,2668.8,1.126,3066.8,1.18,53.0,-364.8,21.0,17.0,5.0
1-aacfd3cf-4bcf-44f5-ac86-73e49721e4fa,de_mirage,2194.0,1.14,46.0,52.0,2122.0,10.0,2668.8,1.126,3066.8,1.18,53.0,-872.8,10.0,16.0,3.0
1-aacfd3cf-4bcf-44f5-ac86-73e49721e4fa,de_mirage,2838.0,1.12,48.0,50.0,4129.0,10.0,2668.8,1.126,3066.8,1.18,53.0,-228.8,11.0,20.0,7.0
1-aacfd3cf-4bcf-44f5-ac86-73e49721e4fa,de_mirage,2784.0,1.1,48.0,51.0,1941.0,10.0,2668.8,1.126,3066.8,1.18,53.0,-282.8,17.0,16.0,2.0
1-aacfd3cf-4bcf-44f5-ac86-73e49721e4fa,de_mirage,2973.0,1.2,56.0,54.0,2431.0,10.0,3066.8,1.18,2668.8,1.126,51.2,304.2,20.0,14.0,6.0
1-aacfd3cf-4bcf-44f5-ac86-73e49721e4fa,de_mirage,3144.0,1.07,59.0,53.0,1357.0,10.0,3066.8,1.18,2668.8,1.126,51.2,475.2,17.0,16.0,5.0
1-aacfd3cf-4bcf-44f5-ac86-73e49721e4fa,de_mirage,3456.0,1.21,42.0,52.0,2160.0,10.0,3066.8,1.18,2668.8,1.126,51.2,787.2,7.0,14.0,6.0
1-aacfd3cf-4bcf-44f5-ac86-73e49721e4fa,de_mirage,2994.0,1.18,53.0,53.0,3111.0,10.0,3066.8,1.18,2668.8,1.126,51.2,325.2,24.0,15.0,3.0
1-aacfd3cf-4bcf-44f5-ac86-73e49721e4fa,de_mirage,2767.0,1.24,50.0,53.0,2321.0,10.0,3066.8,1.18,2668.8,1.126,51.2,98.2,18.0,13.0,6.0
1-d8362bd9-b3ac-44ba-be55-030e92dd9e88,de_anubis,3382.0,1.15,45.0,51.0,4451.0,10.0,3066.2,1.1,3125.4,1.15,51.2,256.6,11.0,19.0,3.0
1-d8362bd9-b3ac-44ba-be55-030e92dd9e88,de_anubis,3331.0,1.14,56.0,54.0,4858.0,10.0,3066.2,1.1,3125.4,1.15,51.2,205.6,18.0,14.0,1.0
1-d8362bd9-b3ac-44ba-be55-030e92dd9e88,de_anubis,2752.0,1.13,47.0,50.0,4131.0,10.0,3066.2,1.1,3125.4,1.15,51.2,-373.4,9.0,19.0,5.0
1-d8362bd9-b3ac-44ba-be55-030e92dd9e88,de_anubis,2965.0,1.02,48.0,51.0,2792.0,10.0,3066.2,1.1,3125.4,1.15,51.2,-160.4,16.0,17.0,8.0
1-d8362bd9-b3ac-44ba-be55-030e92dd9e88,de_anubis,2901.0,1.06,50.0,52.0,2162.0,10.0,3066.2,1.1,3125.4,1.15,51.2,-224.4,11.0,18.0,3.0
1-d8362bd9-b3ac-44ba-be55-030e92dd9e88,de_anubis,3185.0,1.15,50.0,51.0,3914.0,10.0,3125.4,1.15,3066.2,1.1,51.6,118.8,9.0,14.0,7.0
1-d8362bd9-b3ac-44ba-be55-030e92dd9e88,de_anubis,3302.0,1.13,56.0,51.0,9129.0,10.0,3125.4,1.15,3066.2,1.1,51.6,235.8,18.0,17.0,7.0
1-d8362bd9-b3ac-44ba-be55-030e92dd9e88,de_anubis,3281.0,1.21,47.0,52.0,6960.0,10.0,3125.4,1.15,3066.2,1.1,51.6,214.8,23.0,13.0,3.0
1-d8362bd9-b3ac-44ba-be55-030e92dd9e88,de_anubis,2838.0,1.12,48.0,50.0,4129.0,10.0,3125.4,1.15,3066.2,1.1,51.6,-228.2,19.0,11.0,4.0
1-d8362bd9-b3ac-44ba-be55-030e92dd9e88,de_anubis,3021.0,1.14,53.0,52.0,2970.0,10.0,3125.4,1.15,3066.2,1.1,51.6,-45.2,18.0,11.0,5.0
1-d05a86df-f6fb-421b-901e-4bffeb7dd779,de_ancient,2839.0,1.24,43.0,51.0,5081.0,10.0,3252.0,1.186,3368.0,1.18,53.4,-529.0,17.0,16.0,4.0
1-d05a86df-f6fb-421b-901e-4bffeb7dd779,de_ancient,3160.0,1.13,46.0,51.0,3525.0,10.0,3252.0,1.186,3368.0,1.18,53.4,-208.0,21.0,18.0,8.0
1-d05a86df-f6fb-421b-901e-4bffeb7dd779,de_ancient,3698.0,1.13,59.0,52.0,13307.0,10.0,3252.0,1.186,3368.0,1.18,53.4,330.0,17.0,19.0,5.0
1-d05a86df-f6fb-421b-901e-4bffeb7dd779,de_ancient,2838.0,1.12,48.0,50.0,4129.0,10.0,3252.0,1.186,3368.0,1.18,53.4,-530.0,12.0,18.0,5.0
1-d05a86df-f6fb-421b-901e-4bffeb7dd779,de_ancient,3725.0,1.31,57.0,57.0,6288.0,10.0,3252.0,1.186,3368.0,1.18,53.4,357.0,22.0,18.0,6.0
1-d05a86df-f6fb-421b-901e-4bffeb7dd779,de_ancient,3012.0,1.02,58.0,53.0,2384.0,10.0,3368.0,1.18,3252.0,1.186,52.2,-240.0,15.0,20.0,12.0
1-d05a86df-f6fb-421b-901e-4bffeb7dd779,de_ancient,4038.0,1.29,56.0,56.0,2710.0,10.0,3368.0,1.18,3252.0,1.186,52.2,786.0,17.0,20.0,6.0
1-d05a86df-f6fb-421b-901e-4bffeb7dd779,de_ancient,3242.0,1.28,61.0,54.0,4554.0,10.0,3368.0,1.18,3252.0,1.186,52.2,-10.0,23.0,15.0,4.0
1-d05a86df-f6fb-421b-901e-4bffeb7dd779,de_ancient,3366.0,1.21,43.0,53.0,8009.0,10.0,3368.0,1.18,3252.0,1.186,52.2,114.0,21.0,16.0,5.0
1-d05a86df-f6fb-421b-901e-4bffeb7dd779,de_ancient,3182.0,1.1,39.0,51.0,10715.0,10.0,3368.0,1.18,3252.0,1.186,52.2,-70.0,13.0,19.0,6.0
1-6e4a360f-63e5-413e-aa9c-4adbe27ebb21,de_mirage,2972.0,1.06,58.0,51.0,5379.0,10.0,2626.0,1.13,2648.4,1.098,51.4,323.6,11.0,13.0,3.0
1-6e4a360f-63e5-413e-aa9c-4adbe27ebb21,de_mirage,2365.0,0.99,51.0,52.0,2167.0,10.0,2626.0,1.13,2648.4,1.098,51.4,-283.4,13.0,14.0,4.0
1-6e4a360f-63e5-413e-aa9c-4adbe27ebb21,de_mirage,2519.0,1.05,51.0,50.0,3768.0,10.0,2626.0,1.13,2648.4,1.098,51.4,-129.4,11.0,14.0,2.0
1-6e4a360f-63e5-413e-aa9c-4adbe27ebb21,de_mirage,2339.0,1.06,50.0,50.0,2321.0,10.0,2626.0,1.13,2648.4,1.098,51.4,-309.4,11.0,13.0,3.0
1-6e4a360f-63e5-413e-aa9c-4adbe27ebb21,de_mirage,2935.0,1.49,45.0,65.0,165.0,10.0,2626.0,1.13,2648.4,1.098,51.4,286.6,9.0,16.0,1.0
1-6e4a360f-63e5-413e-aa9c-4adbe27ebb21,de_mirage,2053.0,1.03,45.0,51.0,2588.0,10.0,2648.4,1.098,2626.0,1.13,53.6,-573.0,9.0,13.0,2.0
1-6e4a360f-63e5-413e-aa9c-4adbe27ebb21,de_mirage,2587.0,1.06,48.0,51.0,5590.0,10.0,2648.4,1.098,2626.0,1.13,53.6,-39.0,12.0,13.0,1.0
1-6e4a360f-63e5-413e-aa9c-4adbe27ebb21,de_mirage,2991.0,1.13,46.0,52.0,4013.0,10.0,2648.4,1.098,2626.0,1.13,53.6,365.0,21.0,8.0,5.0
1-6e4a360f-63e5-413e-aa9c-4adbe27ebb21,de_mirage,2747.0,1.13,42.0,52.0,2858.0,10.0,2648.4,1.098,2626.0,1.13,53.6,121.0,15.0,12.0,7.0
1-6e4a360f-63e5-413e-aa9c-4adbe27ebb21,de_mirage,2864.0,1.14,40.0,51.0,4267.0,10.0,2648.4,1.098,2626.0,1.13,53.6,238.0,13.0,9.0,3.0
1-aa196747-fb9d-48d2-8a2e-5794c7932759,de_inferno,2469.0,1.08,53.0,52.0,3462.0,10.0,2421.2,1.096,2523.6,1.17,51.4,-54.6,15.0,16.0,7.0
1-aa196747-fb9d-48d2-8a2e-5794c7932759,de_inferno,2009.0,1.2,35.0,52.0,2470.0,10.0,2421.2,1.096,2523.6,1.17,51.4,-514.6,19.0,19.0,10.0
1-aa196747-fb9d-48d2-8a2e-5794c7932759,de_inferno,2649.0,1.07,46.0,51.0,3061.0,10.0,2421.2,1.096,2523.6,1.17,51.4,125.4,13.0,17.0,4.0
1-aa196747-fb9d-48d2-8a2e-5794c7932759,de_inferno,2587.0,1.06,48.0,51.0,5590.0,10.0,2421.2,1.096,2523.6,1.17,51.4,63.4,14.0,18.0,4.0
1-aa196747-fb9d-48d2-8a2e-5794c7932759,de_inferno,2392.0,1.07,42.0,51.0,841.0,10.0,2421.2,1.096,2523.6,1.17,51.4,-131.6,20.0,20.0,6.0
1-aa196747-fb9d-48d2-8a2e-5794c7932759,de_inferno,2998.0,1.16,61.0,51.0,3316.0,10.0,2523.6,1.17,2421.2,1.096,51.4,576.8,16.0,15.0,8.0
1-aa196747-fb9d-48d2-8a2e-5794c7932759,de_inferno,2255.0,1.06,38.0,51.0,1928.0,10.0,2523.6,1.17,2421.2,1.096,51.4,-166.2,15.0,19.0,6.0
1-aa196747-fb9d-48d2-8a2e-5794c7932759,de_inferno,2516.0,0.98,59.0,53.0,829.0,10.0,2523.6,1.17,2421.2,1.096,51.4,94.8,15.0,17.0,6.0
1-aa196747-fb9d-48d2-8a2e-5794c7932759,de_inferno,2120.0,1.16,49.0,51.0,1360.0,10.0,2523.6,1.17,2421.2,1.096,51.4,-301.2,17.0,17.0,4.0
1-aa196747-fb9d-48d2-8a2e-5794c7932759,de_inferno,2729.0,1.49,51.0,51.0,2612.0,10.0,2523.6,1.17,2421.2,1.096,51.4,307.8,27.0,14.0,10.0
1-64954fde-41c3-4b8a-b0de-830bf5168b96,de_dust2,2491.0,1.15,41.0,51.0,1195.0,10.0,2378.6,1.176,2312.2,1.146,51.8,178.8,20.0,23.0,6.0
1-64954fde-41c3-4b8a-b0de-830bf5168b96,de_dust2,2673.0,1.17,46.0,53.0,1992.0,10.0,2378.6,1.176,2312.2,1.146,51.8,360.8,11.0,17.0,7.0
1-64954fde-41c3-4b8a-b0de-830bf5168b96,de_dust2,2238.0,1.44,43.0,53.0,550.0,10.0,2378.6,1.176,2312.2,1.146,51.8,-74.2,28.0,17.0,3.0
1-64954fde-41c3-4b8a-b0de-830bf5168b96,de_dust2,2097.0,0.98,56.0,50.0,4623.0,10.0,2378.6,1.176,2312.2,1.146,51.8,-215.2,19.0,23.0,6.0
1-64954fde-41c3-4b8a-b0de-830bf5168b96,de_dust2,2394.0,1.14,44.0,52.0,1320.0,10.0,2378.6,1.176,2312.2,1.146,51.8,81.8,22.0,21.0,8.0
1-64954fde-41c3-4b8a-b0de-830bf5168b96,de_dust2,2445.0,1.2,44.0,52.0,1279.0,10.0,2312.2,1.146,2378.6,1.176,51.8,66.4,24.0,22.0,11.0
1-64954fde-41c3-4b8a-b0de-830bf5168b96,de_dust2,2295.0,1.0,49.0,50.0,6957.0,10.0,2312.2,1.146,2378.6,1.176,51.8,-83.6,26.0,18.0,5.0
1-64954fde-41c3-4b8a-b0de-830bf5168b96,de_dust2,2395.0,1.13,51.0,52.0,1778.0,10.0,2312.2,1.146,2378.6,1.176,51.8,16.4,16.0,20.0,5.0
1-64954fde-41c3-4b8a-b0de-830bf5168b96,de_dust2,2409.0,1.13,57.0,53.0,796.0,10.0,2312.2,1.146,2378.6,1.176,51.8,30.4,16.0,21.0,9.0
1-64954fde-41c3-4b8a-b0de-830bf5168b96,de_dust2,2017.0,1.27,45.0,52.0,650.0,10.0,2312.2,1.146,2378.6,1.176,51.8,-361.6,18.0,22.0,7.0
1-574daaa4-9ad4-4136-bf22-89ae8897a447,de_anubis,2371.0,1.15,49.0,49.0,3665.0,10.0,2346.6,1.072,2357.8,1.078,51.2,13.2,10.0,18.0,4.0
1-574daaa4-9ad4-4136-bf22-89ae8897a447,de_anubis,2300.0,1.14,46.0,50.0,5424.0,10.0,2346.6,1.072,2357.8,1.078,51.2,-57.8,15.0,15.0,6.0
1-574daaa4-9ad4-4136-bf22-89ae8897a447,de_anubis,2625.0,1.08,53.0,51.0,2263.0,10.0,2346.6,1.072,2357.8,1.078,51.2,267.2,5.0,19.0,1.0
1-574daaa4-9ad4-4136-bf22-89ae8897a447,de_anubis,2097.0,0.98,56.0,50.0,4623.0,10.0,2346.6,1.072,2357.8,1.078,51.2,-260.8,15.0,16.0,4.0
1-574daaa4-9ad4-4136-bf22-89ae8897a447,de_anubis,2340.0,1.01,48.0,51.0,5797.0,10.0,2346.6,1.072,2357.8,1.078,51.2,-17.8,14.0,13.0,4.0
1-574daaa4-9ad4-4136-bf22-89ae8897a447,de_anubis,2416.0,1.16,51.0,52.0,1744.0,10.0,2357.8,1.078,2346.6,1.072,50.2,69.4,22.0,8.0,6.0
1-574daaa4-9ad4-4136-bf22-89ae8897a447,de_anubis,2324.0,0.9,51.0,51.0,2537.0,10.0,2357.8,1.078,2346.6,1.072,50.2,-22.6,16.0,13.0,8.0
1-574daaa4-9ad4-4136-bf22-89ae8897a447,de_anubis,2287.0,1.12,49.0,51.0,4377.0,10.0,2357.8,1.078,2346.6,1.072,50.2,-59.6,2.0,10.0,4.0
1-574daaa4-9ad4-4136-bf22-89ae8897a447,de_anubis,2349.0,1.12,42.0,51.0,2853.0,10.0,2357.8,1.078,2346.6,1.072,50.2,2.4,13.0,13.0,5.0
1-574daaa4-9ad4-4136-bf22-89ae8897a447,de_anubis,2413.0,1.09,40.0,51.0,1904.0,10.0,2357.8,1.078,2346.6,1.072,50.2,66.4,26.0,10.0,7.0
1-93d29d27-5017-49b8-b21f-4f6d2dda8bad,de_nuke,2574.0,1.03,46.0,51.0,3733.0,10.0,2373.8,1.078,2344.0,1.106,51.4,230.0,25.0,12.0,3.0
1-93d29d27-5017-49b8-b21f-4f6d2dda8bad,de_nuke,2306.0,1.04,40.0,51.0,3137.0,10.0,2373.8,1.078,2344.0,1.106,51.4,-38.0,26.0,12.0,4.0
1-93d29d27-5017-49b8-b21f-4f6d2dda8bad,de_nuke,2295.0,1.03,41.0,50.0,2909.0,10.0,2373.8,1.078,2344.0,1.106,51.4,-49.0,10.0,15.0,5.0
1-93d29d27-5017-49b8-b21f-4f6d2dda8bad,de_nuke,2525.0,1.22,40.0,51.0,2679.0,10.0,2373.8,1.078,2344.0,1.106,51.4,181.0,14.0,13.0,3.0
1-93d29d27-5017-49b8-b21f-4f6d2dda8bad,de_nuke,2169.0,1.07,45.0,51.0,2338.0,10.0,2373.8,1.078,2344.0,1.106,51.4,-175.0,11.0,16.0,5.0
1-93d29d27-5017-49b8-b21f-4f6d2dda8bad,de_nuke,2483.0,1.17,56.0,51.0,1210.0,10.0,2344.0,1.106,2373.8,1.078,50.8,109.2,25.0,15.0,6.0
1-93d29d27-5017-49b8-b21f-4f6d2dda8bad,de_nuke,2406.0,1.07,48.0,53.0,1449.0,10.0,2344.0,1.106,2373.8,1.078,50.8,32.2,7.0,19.0,4.0
1-93d29d27-5017-49b8-b21f-4f6d2dda8bad,de_nuke,2327.0,1.14,63.0,51.0,2461.0,10.0,2344.0,1.106,2373.8,1.078,50.8,-46.8,15.0,15.0,3.0
1-93d29d27-5017-49b8-b21f-4f6d2dda8bad,de_nuke,2097.0,0.98,56.0,50.0,4623.0,10.0,2344.0,1.106,2373.8,1.078,50.8,-276.8,8.0,19.0,3.0
1-93d29d27-5017-49b8-b21f-4f6d2dda8bad,de_nuke,2407.0,1.17,47.0,52.0,1754.0,10.0,2344.0,1.106,2373.8,1.078,50.8,33.2,13.0,18.0,5.0
1-0eaff33c-86d9-4f43-9586-52ab1dad762a,de_inferno,2299.0,1.35,50.0,57.0,378.0,10.0,2260.6,1.13,2151.8,1.09,51.6,147.2,25.0,10.0,3.0
1-0eaff33c-86d9-4f43-9586-52ab1dad762a,de_inferno,2727.0,1.14,63.0,51.0,4389.0,10.0,2260.6,1.13,2151.8,1.09,51.6,575.2,16.0,19.0,6.0
1-0eaff33c-86d9-4f43-9586-52ab1dad762a,de_inferno,1756.0,0.99,53.0,50.0,3322.0,9.0,2260.6,1.13,2151.8,1.09,51.6,-395.8,13.0,17.0,4.0
1-0eaff33c-86d9-4f43-9586-52ab1dad762a,de_inferno,2275.0,1.06,48.0,53.0,1474.0,10.0,2260.6,1.13,2151.8,1.09,51.6,123.2,13.0,16.0,12.0
1-0eaff33c-86d9-4f43-9586-52ab1dad762a,de_inferno,2246.0,1.11,53.0,54.0,616.0,10.0,2260.6,1.13,2151.8,1.09,51.6,94.2,16.0,16.0,6.0
1-0eaff33c-86d9-4f43-9586-52ab1dad762a,de_inferno,2041.0,1.15,42.0,51.0,2180.0,10.0,2151.8,1.09,2260.6,1.13,53.0,-219.6,12.0,18.0,6.0
1-0eaff33c-86d9-4f43-9586-52ab1dad762a,de_inferno,2097.0,0.98,56.0,50.0,4623.0,10.0,2151.8,1.09,2260.6,1.13,53.0,-163.6,18.0,16.0,6.0
1-0eaff33c-86d9-4f43-9586-52ab1dad762a,de_inferno,2384.0,1.19,49.0,51.0,1778.0,10.0,2151.8,1.09,2260.6,1.13,53.0,123.4,19.0,15.0,7.0
1-0eaff33c-86d9-4f43-9586-52ab1dad762a,de_inferno,2138.0,1.07,46.0,53.0,1050.0,10.0,2151.8,1.09,2260.6,1.13,53.0,-122.6,9.0,17.0,7.0
1-0eaff33c-86d9-4f43-9586-52ab1dad762a,de_inferno,2099.0,1.06,53.0,53.0,1304.0,10.0,2151.8,1.09,2260.6,1.13,53.0,-161.6,17.0,17.0,5.0
1-6864b79a-e2ea-4809-abb6-3c11c224d3c9,de_ancient,2571.0,1.17,45.0,51.0,2581.0,10.0,2390.6,1.182,2236.0,1.096,50.6,335.0,17.0,17.0,1.0
1-6864b79a-e2ea-4809-abb6-3c11c224d3c9,de_ancient,2067.0,1.19,47.0,49.0,2894.0,10.0,2390.6,1.182,2236.0,1.096,50.6,-169.0,21.0,20.0,3.0
1-6864b79a-e2ea-4809-abb6-3c11c224d3c9,de_ancient,2343.0,1.15,46.0,51.0,1923.0,10.0,2390.6,1.182,2236.0,1.096,50.6,107.0,16.0,22.0,8.0
1-6864b79a-e2ea-4809-abb6-3c11c224d3c9,de_ancient,2290.0,1.28,39.0,54.0,555.0,10.0,2390.6,1.182,2236.0,1.096,50.6,54.0,23.0,17.0,5.0
1-6864b79a-e2ea-4809-abb6-3c11c224d3c9,de_ancient,2682.0,1.12,47.0,52.0,2534.0,10.0,2390.6,1.182,2236.0,1.096,50.6,446.0,19.0,15.0,10.0
1-6864b79a-e2ea-4809-abb6-3c11c224d3c9,de_ancient,2159.0,0.97,47.0,52.0,2004.0,10.0,2236.0,1.096,2390.6,1.182,51.4,-231.6,19.0,20.0,9.0
1-6864b79a-e2ea-4809-abb6-3c11c224d3c9,de_ancient,1934.0,1.02,48.0,50.0,2424.0,9.0,2236.0,1.096,2390.6,1.182,51.4,-456.6,16.0,21.0,4.0
1-6864b79a-e2ea-4809-abb6-3c11c224d3c9,de_ancient,2706.0,1.14,47.0,50.0,2207.0,10.0,2236.0,1.096,2390.6,1.182,51.4,315.4,27.0,14.0,3.0
1-6864b79a-e2ea-4809-abb6-3c11c224d3c9,de_ancient,2150.0,1.24,42.0,51.0,2054.0,10.0,2236.0,1.096,2390.6,1.182,51.4,-240.6,10.0,22.0,3.0
1-6864b79a-e2ea-4809-abb6-3c11c224d3c9,de_ancient,2231.0,1.11,49.0,50.0,5086.0,10.0,2236.0,1.096,2390.6,1.182,51.4,-159.6,19.0,19.0,5.0
1-59c9c8c0-e5eb-4a29-9c98-6c8bbdc083df,de_mirage,2310.0,1.15,45.0,51.0,2698.0,10.0,2286.6,1.086,2304.4,1.164,51.6,5.6,17.0,16.0,1.0
1-59c9c8c0-e5eb-4a29-9c98-6c8bbdc083df,de_mirage,2137.0,1.03,58.0,50.0,1457.0,10.0,2286.6,1.086,2304.4,1.164,51.6,-167.4,22.0,19.0,3.0
1-59c9c8c0-e5eb-4a29-9c98-6c8bbdc083df,de_mirage,2444.0,1.11,46.0,51.0,1173.0,10.0,2286.6,1.086,2304.4,1.164,51.6,139.6,12.0,14.0,2.0
1-59c9c8c0-e5eb-4a29-9c98-6c8bbdc083df,de_mirage,2150.0,1.06,54.0,50.0,4346.0,10.0,2286.6,1.086,2304.4,1.164,51.6,-154.4,12.0,17.0,7.0
1-59c9c8c0-e5eb-4a29-9c98-6c8bbdc083df,de_mirage,2392.0,1.08,48.0,51.0,2775.0,10.0,2286.6,1.086,2304.4,1.164,51.6,87.6,20.0,15.0,6.0
1-59c9c8c0-e5eb-4a29-9c98-6c8bbdc083df,de_mirage,2290.0,1.28,39.0,54.0,555.0,10.0,2304.4,1.164,2286.6,1.086,50.6,3.4,14.0,15.0,4.0
1-59c9c8c0-e5eb-4a29-9c98-6c8bbdc083df,de_mirage,2682.0,1.12,47.0,52.0,2534.0,10.0,2304.4,1.164,2286.6,1.086,50.6,395.4,22.0,16.0,3.0
1-59c9c8c0-e5eb-4a29-9c98-6c8bbdc083df,de_mirage,2241.0,1.18,48.0,50.0,8662.0,10.0,2304.4,1.164,2286.6,1.086,50.6,-45.6,19.0,17.0,0.0
1-59c9c8c0-e5eb-4a29-9c98-6c8bbdc083df,de_mirage,2212.0,1.0,47.0,50.0,7073.0,10.0,2304.4,1.164,2286.6,1.086,50.6,-74.6,7.0,17.0,6.0
1-59c9c8c0-e5eb-4a29-9c98-6c8bbdc083df,de_mirage,2097.0,1.24,46.0,52.0,1298.0,10.0,2304.4,1.164,2286.6,1.086,50.6,-189.6,18.0,19.0,6.0
